ORAC Case,BARC Case,IOC English name,Scientific name,Location,Date,Decision
1,,Sooty Albatross,Phoebetria fusca,Moruya,2 Aug 1987,Not Confirmed (not assessed)
2,,Pink Robin,Petroica rodinogaster,"Korrungulla Swamp, Primbee",4 Sep 1987,Accepted
3,,Yellow Chat,Epthianura crocea,69 km east of Broken Hill ,15 Oct 1987,Not accepted
4,,Great Frigatebird,Fregata minor,Yamba,21 Feb 1987,Accepted
5,109,Tropical Shearwater,Puffinus bailloni,off Wollongong,28 Feb 1987,Accepted
6,143,White-rumped Sandpiper,Calidris fuscicollis,Tullakool Saltworks,18 Dec 1987,Accepted
7,,Common Redshank,Tringa totanus,"Wallagoot Lake, Bournda NP",29 Dec 1987,Not accepted
8,,Little Stint,Calidris minuta,Tullakool Saltworks,23 Nov 1987,Accepted
9,,Cox's Sandpiper,[Calidris paramelanotus],Stockton Sandspit,26 Jan 1988,Accepted
10,,White-chinned Petrel,Procellaria aequinoctialis,off Botany Bay,13 Feb 1988,Accepted
11,,Barn Swallow,Hirundo rustica,Shortland Wetlands Centre,12 Mar 1988,Accepted
12,,Wilson's Phalarope,Phalaropus tricolor,Tullakool Saltworks,4 Apr 1988,Not accepted
13,,Arctic Tern,Sterna paradisaea,off Wollongong,17 Apr 1988,Not Confirmed (not assessed)
14,,Herald Petrel,Pterodroma heraldica,off Wollongong,17 Apr 1988,Not Confirmed (not assessed)
15,,Asian Dowitcher,Limnodromus semipalmatus,Stockton Sandspit,2 Aug 1988,Accepted
16,,Arctic Tern,Sterna paradisaea,Windang,22 Oct 1988,Not accepted
17,168,Juan Fernandez Petrel,Pterodroma externa,Cessnock,27 Oct 1988,Accepted
18,,Oriental Plover,Charadrius veredus,"Picnic Point, The Entrance",13 Nov 1988,Accepted
19,,Red-tailed Tropicbird,Phaethon rubricauda,Wamberal Beach,19 Mar 1989,Accepted
20,,Squatter Pigeon,Geophaps scripta,Hilston,31 Oct 1989,Not Confirmed (not assessed)
21,,Arctic Tern,Sterna paradisaea,off Wollongong,24 Sep 1989,Not Confirmed (not assessed)
22,,Pied Heron,Egretta picata,Riverina region,30 Sep 1989,Not accepted
23,,American Golden Plover,Pluvialis dominica,Comerong Island,3 Oct 1989,Not accepted
24,121,Northern Shoveler,Anas clypeata,"Lakeside HSD, Lake Cowal",17 Oct 1989,Not accepted
25,,Black-throated Finch,Poephila cincta,"MacIntyre River, Inverell",24 Oct 1989,Not accepted
26,,Streaked Shearwater,Calonectris leucomelas,off Wollongong,31 Oct 1989,Not Confirmed (not assessed)
27,,Black-bellied Storm Petrel,Fregetta tropica,off Wollongong,26 Nov 1989,Accepted
28,,Fairy Tern,Sternula nereis,North Botany Bay,10 Dec 1989,Not Confirmed (not assessed)
29,,Brown Booby,Sula leucogaster,Norah Head ,16 Jan 1990,Accepted
30,,Tahiti Petrel,Pseudobulweria rostrata,off Wollongong,24 Apr 1990,Accepted
31,,Grey Ternlet,Procelsterna albivitta,off Wollongong,25 Feb 1990,Not Confirmed (not assessed)
32,674,Black Tern,Chlidonias niger,"Boat Harbour, Kurnell",24 Feb 1990,Accepted
33,,Kermadec Petrel,Pterodroma neglecta,off Wollongong,25 Feb 1990,Accepted
34,,Black-bellied Storm Petrel,Fregetta tropica,Lake Cathie entrance,28 Feb 1990,Accepted
35,,Australian Swiftlet,Aerodramus terraereginae,Bowraville,12 May 1990,Not accepted
36,145,Cook's Petrel,Pterodroma cookii,off Wollongong,22 Sep 1990,Not accepted
37,,White-chinned Petrel,Procellaria aequinoctialis,off Wollongong,22 Sep 1990,Accepted
38,,Kermadec Petrel,Pterodroma neglecta,Cape Banks,24 Oct 1990,Not accepted
39,,Streaked Shearwater,Calonectris leucomelas,"off North Head, Sydney",10 Feb 1991,Not accepted
40,,Common Noddy,Anous stolidus,Manly,21 Jan 1991,Accepted
41,,Masked Owl,Tyto novaehollandiae,Heathcote East,18 Apr 1991,Accepted
42,,Little Friarbird,Philemon citreogularis ,Lake Illawarra,27 Apr 1991,Accepted
43,,Bourke's Parrot,Neopsephotus bourkii,Gillgandra,25 Jun 1991,Not accepted
44,,Common Noddy,Anous stolidus,"Woody Head, Iluka ",9 Jan 1992,Accepted
45,,Pied Butcherbird,Cracticus nigrogularis,Heathcote,17 Aug 1991,Accepted
46,,Fairy Tern,Sternula nereis,"Long Reef, Sydney ",9 Aug 1991,Not accepted
47,,Long-toed Stint,Calidris subminuta,"Fivebough Swamp, Leeton",18 Aug 1991,Accepted
48,,White-chinned Petrel,Procellaria aequinoctialis,off Long Reef,28 Aug 1991,Not Confirmed (not assessed)
49,,Southern Royal Albatross,Diomedea (e.) epomophora,Green Cape,26 Aug 1991,Not accepted
50,,Oriental Plover,Charadrius veredus,"Bombah Point, Myall Lakes NP",12 Sep 1991,Accepted
51,132,Franklin's Gull,Leucophaeus pipixcan,Menindee Lakes,3 Oct 1991,Not accepted
52,,Blue Petrel,Halobaena caerulea,"Sandon Beach, Yuraygir NP",12 Oct 1991,Accepted
54,,Little Stint,Calidris minuta,Kooragang Island,30 Dec 1990,Not accepted
55,,Long-toed Stint,Calidris subminuta,"Fivebough Swamp, Leeton",9 Dec 1991,Accepted
56,,White-chinned Petrel,Procellaria aequinoctialis,off Wollongong,15 Nov 1991,Accepted
57,136,Cook's Petrel,Pterodroma cookii,off Wollongong,2 Dec 1991,Not accepted
58,,Red-tailed Tropicbird,Phaethon rubricauda,Bathurst,14 Dec 1991,Accepted
59,,Mottled Petrel,Pterodroma inexpectata,off Wollongong,19 Jan 1992,Accepted
60,,White-necked Petrel,Pterodroma cervicalis,off Wollongong,19 Jan 1992,Not Confirmed (not assessed)
61,,Brown Booby,Sula leucogaster,Forster,31 May 1991,Not accepted
62,,Streaked Shearwater,Calonectris leucomelas,off Wollongong,19 Jan 1992,Not Confirmed (not assessed)
63,,Cox's Sandpiper,[Calidris paramelanotus],Stockton Sandspit,12 Mar 1988,Accepted
64,,Cotton Pygmy Goose,Nettapus coromandelianus,Lane Cove,6 Jul 1991,Accepted
65,,White-necked Petrel,Pterodroma cervicalis,off Wollongong,16 Feb 1991,Accepted
66,,Long-toed Stint,Calidris minutilla,"Fivebough Swamp, Leeton",2 Feb 1991,Not Confirmed (not assessed)
67,137,Franklin's Gull,Leucophaeus pipixcan,Lake Cowal,25 Jan 1992,Accepted
68,140,Grey Petrel,Procellaria cinerea,"Flat Rock Beach, Ballina",17 Feb 1985,Accepted
69,,Common Noddy,Anous stolidus,North Curl Curl,23 Feb 1992,Accepted
70,,White-necked Petrel,Pterodroma cervicalis,off Wollongong,16 Feb 1992,Accepted
71,,Australian Swiftlet,Aerodramus terraereginae,"Richmond Hill, Lismore",21 Feb 1992,Accepted
72,,Masked Owl,Tyto novaehollandiae,Kiola State Forest,10 Nov 1991,Accepted
73,,Common Diving Petrel,Pelecanoides urinatrix,Green Cape,26 Aug 1991,Accepted
74,,Grey-backed Storm Petrel,Garrodia nereis,off Eden,16 Jul 1990,Accepted
75,,Streaked Shearwater,Calonectris leucomelas,off Shellharbour,6 Dec 1989,Accepted
76,144,South Polar Skua,Stercorarius maccormicki,off Wollongong,20 Jun 1990,Accepted
77.1,139,Buff-breasted Sandpiper,Tryngites subruficollis,Lord Howe Island,6 Apr 1992,Not accepted
77.2,,Grey Ternlet,Procelsterna albivitta,off Wollongong,28 Feb 1987,Accepted
78,,Oriental Plover,Charadrius veredus,"Peri Lake, Paroo River",14 Oct 1991,Accepted
81,,Arctic Tern,Sterna paradisaea,Windang,22 Oct 1988,Not Confirmed (not assessed)
82,,Flock Bronzewing,Phaps histrionica,"Bullabelalie HSD, Wielmoringle",30 Jun 1988,Accepted
83,,Soft-plumaged Petrel,Pterodroma mollis,off Wollongong,23 Oct 1988,Accepted
84,,Red-capped Robin,Petroica goodenovii,"Bicentenial Park, Ballina",4 Sep 1991,Accepted
85,,Streaked Shearwater,Calonectris leucomelas,off Wollongong,29 Apr 1992,Accepted
86,,Shining Flycatcher,Myiagra alecto,Cobaki Broadwater ,14 Nov 1989,Accepted
87,,Shining Flycatcher,Myiagra alecto,Cobaki Broadwater ,15 Jul 1990,Accepted
88,,Brown Booby,Sula leucogaster,off Wollongong,27 Nov 1988,Accepted
89,,Red-tailed Tropicbird,Phaethon rubricauda,off Kiama ,27 Jan 1989,Accepted
90,,Common Diving Petrel,Pelecanoides urinatrix,off Kiama ,22 Jan 1989,Not accepted
91,,Red Goshawk,Erythrotriorchis radiatus,Noerthern Rivers Region,20 Apr 1992,Not accepted
92,,Red Goshawk,Erythrotriorchis radiatus,Alstonville District,xx Jul 1991,Accepted
93,,Streaked Shearwater,Calonectris leucomelas,off Wollongong,19 Feb 1989,Accepted
94,,Square-tailed Kite,Lophoictinia isura,Royal National Park,27 Aug 1991,Not accepted
95,,Double-eyed Fig Parrot,Cyclopsitta diophthalma,Brunswick Heads,26 Jul 1991,Accepted
96,,Fairy Tern,Sternula nereis,"Long Reef, Sydney ",26 Jan 1990,Not accepted
97,,Grey-headed Albatross,Thalassarche chrysostoma,off Long Reef,10 Jul 1982,Not accepted
98,150,Sooty Albatross,Phoebetria fusca,"Long Reef, Sydney ",10 Jul 1992,Not accepted
99,,Metallic Starling,Aplonis metallica,Nambucca Heads,9 Nov 1992,Not accepted
100,,Painted Finch,Emblema pictum,Sturt NP,14 Sep 1992,Accepted
101,,Black-bellied Storm Petrel,Fregetta tropica,"Congo Beach, Moruya",18 Nov 1991,Accepted
102,,Black Petrel,Procellaria parkinsoni,off Wollongong,19 Nov 1992,Accepted
103,,Arctic Tern,Sterna paradisaea,Norah Head ,29 Aug 1992,Accepted
104,,Southern Fulmar,Fulmarus glacialoides,Tilba Lake Beach,xx Sep 1990,Accepted
105,,White-chinned Petrel,Procellaria aequinoctialis,off Wollongong,19 Nov 1992,Accepted
106,,Black-throated Finch,Poephila cincta,Swanbrook Inverell,13 Nov 1992,Accepted
107,,Oriental Pratincole,Glareola maldivarum,Macksville,10 Dec 1992,Accepted
108,,Great Frigatebird,Fregata minor,Nambucca Heads,15 Feb 1981,Accepted
109,,Common Diving Petrel,Pelecanoides urinatrix,Sydney northern beaches,12 Aug 1992,Accepted
110,,Black-winged Petrel,Pterodroma nigripennis,Mangrove Mountain,3 Apr 1992,Accepted
111,,Light-mantled Sooty Albatross,Phoebetria palpebrata,Newport Beach,10 Jun 1991,Accepted
112,,Common Diving Petrel,Pelecanoides urinatrix,off South West Rocks,15 Aug 1993,Accepted
113,,White-necked Petrel,Pterodroma cervicalis,off Wollongong,21 Jan 1990,Accepted
114,,Australian Swiftlet,Aerodramus terraereginae,Lismore,21 Nov 1992,Accepted
115,,Brown Booby,Sula leucogaster,"Boat Harbour, Kurnell",26 Jan 1993,Accepted
116,156,White-rumped Sandpiper,Calidris fuscicollis,"Tenambit Common, Maitland",21 Dec 1989,Not accepted
117,,Red-backed Buttonquail,Turnix maculosus,"Bombah Point, Myall Lakes NP",xx Jan 1992,Not accepted
118,,Banded Honeyeater,Cissomela pectoralis,Greenwell Point,22 Feb 1993,Accepted
119,,Southern Fulmar,Fulmarus glacialoides,off Wollongong,22 Aug 1987,Accepted
120,159,Buff-breasted Sandpiper,Tryngites subruficollis,Lake Bathurst,8 Jan 1993,Accepted
121,,Oriental Pratincole,Glareola maldivarum,Parkes Sewage Treatment Plant,12 Apr 1993,Accepted
122,161,Oriental Reed Warbler,Acrocephalus orientalis,Port Macquarie,27 Dec !993,Accepted
123,,Red Goshawk,Erythrotriorchis radiatus,"Burringbar Range, via Murwillumbah",22 Sep 1993,Accepted
124,,Black Noddy,Anous minutus,"Lighthouse Beach, Port Macquarie",26 Jan 1994,Accepted
125,,White-necked Petrel,Pterodroma cervicalis,off Wollongong,23 Jan 1994,Accepted
126,,Westland Petrel,Procellaria westlandica,"Gillards Beach, Tathra",6 Jan 1993,Accepted
127,,Eastern Yellow Wagtail,Motacilla tschutschensis,Kooragang Island,21 Feb 1993,Accepted
128,175,Greater Yellowlegs,Tringa melanoleuca,Pitt Town Lagoon,9 Oct 1993,Not accepted
129,174,Pheasant-tailed Jacana,Hydrophasianus chirurgus,Murwillumbah,17 Aug 1993,Not accepted
130,,Common Diving Petrel,Pelecanoides urinatrix,off Wollongong,23 Apr 1993,Accepted
131,,Lesser Crested Tern,Thalasseus bengalensis,"Long Reef, Sydney ",31 May 1993,Not accepted
132,,Arctic Tern,Sterna paradisaea,off Wollongong,27 Jun 1993,Accepted
133,,Royal Albatross,Diomedea epomophora (sensu lato),off Wollongong,20 Oct 1993,Accepted
134,,Red-tailed Tropicbird,Phaethon rubricauda,Grafton,8 Dec 1993,Accepted
135,,Garganey,Anas querquedula,"Market Swamp, Sandgate",4 Dec 1993,Accepted
136,,Red-footed Booby,Sula sula,Port Kembla,3 Jan 1994,Accepted
137,,White-necked Petrel,Pterodroma cervicalis,off Wollongong,28 Feb 1993,Accepted
138,,Streaked Shearwater,Calonectris leucomelas,off Wollongong,27 Feb 1994,Accepted
139,,Black Noddy,Anous minutus,Pittwater,22 Mar 1994,Not accepted
140,,Brown Booby,Sula leucogaster,off Wollongong,15 Nov 1990,Accepted
141,,Double-eyed Fig Parrot,Cyclopsitta diophthalma,Huonbrook,16 Apr 1992,Accepted
142,,Long-toed Stint,Calidris subminuta,"Fivebough Swamp, Leeton",7 Aug 1993,Accepted
143,,Grey-fronted Honeyeater,Ptilotula plumula,Glen Davis,24 Apr 1994,Not accepted
144,,Black-breasted Buzzard,Hamirostra melanosternon,between Hay & Narrandera,14 Jun 1994,Not accepted
145,,Red-backed Buttonquail,Turnix maculosus,"Rotary Park, Lismore",15 Mar 1993,Accepted
146,,Double-eyed Fig Parrot,Cyclopsitta diophthalma,"Cambridge Plateau, Richmond Range",29 Jan 1994,Not accepted
147,,Grey-backed Storm Petrel,Garrodia nereis,off Wollongong,24 Jul 1994,Accepted
148,,Light-mantled Sooty Albatross,Phoebetria palpebrata,off Wollongong,28 Sep 1994,Accepted
149,,Red-necked Phalarope,Phalaropus lobatus,off Wollongong,4 Oct 1994,Not Confirmed (not assessed)
150,,Oriental Plover,Charadrius veredus,Worronora Heights,1 Oct 1994,Accepted
151,,Arctic Tern,Sterna paradisaea,Evans Head,7 Oct 1994,Accepted
152,,Australian Raven,Corvus coronoides,Evans Head,5 Oct 1994,Accepted
153,,Brown Booby,Sula leucogaster,Seal Rocks,1 Jul 1993,Accepted
154,,White-chinned Petrel,Procellaria aequinoctialis,off Wollongong,25 Sep 1994,Accepted
155,,Black Noddy,Anous minutus,Iluka,4 Dec 1994,Accepted
156,,Kerguelen Petrel,Lugensa brevirostris,off Wollongong,3 Aug 1994,Not accepted
157,,Bridled Tern,Onychoprion anaethetus,off Wollongong,27 Nov 1994,Accepted
158,,Kermadec Petrel,Pterodroma neglecta,off Wollongong,24 Jul 1994,Accepted
159,,Fiordland Penguin,Eudyptes pachyrhynchus,Moruya,1 Oct 1994,Accepted
160,,Oriental Plover,Charadrius veredus,"Station Creek Beach, Yuraygir NP",18 Oct 1994,Accepted
161,,Fairy Tern,Sternula nereis,"Wallagoot Lake, Bournda NP",14 Dec 1994,Accepted
162,,White-necked Petrel,Pterodroma cervicalis,"Hastings River, near Port Macquarie",4 Mar 1995,Accepted
163,,Red-tailed Tropicbird,Phaethon rubricauda,Norah Head ,4 Mar 1995,Accepted
164,,Common Noddy,Anous stolidus,off Sydney,11 Feb 1995,Accepted
165,,Grey Ternlet,Procelsterna albivitta,off Sydney,11 Feb 1995,Accepted
166,,Common Noddy,Anous stolidus,off Wollongong,26 Feb 1995,Not Confirmed (not assessed)
167,,Streaked Shearwater,Calonectris leucomelas,off Sydney,11 Feb 1995,Accepted
168,,Red-backed Buttonquail,Turnix maculosus,Bunjalung NP,16 Sep 1994,Accepted
169,,Ruff,Philomachus pugnax,"North Creek, Ballina",9 Apr 1995,Not accepted
170,,White-throated Honeyeater,Melithreptis albogularis ,Bulahdelah ,2 Apr 1994,Not Confirmed (not assessed)
171,,Red-tailed Tropicbird,Phaethon rubricauda,Armidale,6 Mar 1995,Accepted
172,,Little Stint,Calidris minuta,Tullakool Saltworks,15 Jan 1995,Not Confirmed (not assessed)
173,189,American Golden Plover,Pluvialis dominica,West Byron Wetlands,8 Nov 1994,Accepted
174,,American Golden Plover,Pluvialis dominica,Sandon River,14 Nov 1994,Withdrawn
175,,Common Diving Petrel,Pelecanoides urinatrix,Marley Beach,8 Jul 1993,Not Confirmed (not assessed)
176,,Common Diving Petrel,Pelecanoides urinatrix,"Long Reef, Sydney ",3 Jul 1993,Accepted
177,,Brown Booby,Sula leucogaster,Ballina,15 Feb 1995,Not Confirmed (not assessed)
178,,Grey Ternlet,Procelsterna albivitta,East Ballina Lighthouse,8 Mar 1995,Accepted
179,,Black Noddy,Anous minutus,Ballina,15 Feb 1995,Not Confirmed (not assessed)
180,,Common Noddy,Anous stolidus,Ballina,15 Feb 1995,Not Confirmed (not assessed)
181,,White Tern,Gygis alba,Ballina,5 Mar 1995,Not Confirmed (not assessed)
182,,White-necked Petrel,Pterodroma cervicalis,Ballina,8 Mar 1995,Not Confirmed (not assessed)
183,,Common Noddy,Anous stolidus,Mossy Point,10 Feb 1995,Not accepted
184,,Royal Albatross,Diomedea epomophora (sensu lato),Wollongong Light-house,16 Jul 1994,Not accepted
185,,Grey-headed Albatross,Thalassarche chrysostoma,Wollongong Light-house,16 Jul 1994,Not accepted
186,,Common Noddy,Anous stolidus,Wollongong,11 Mar 1995,Not Confirmed (not assessed)
187,,Common Diving Petrel,Pelecanoides urinatrix,off Wollongong,27 Jun 1993,Accepted
188,,Red-backed Buttonquail,Turnix maculosus,Nymboida NP,6 Mar 1993,Accepted
189,,Red-backed Buttonquail,Turnix maculosus,Mangrove Mountain,26 Dec 1994,Accepted
190,,Streaked Shearwater,Calonectris leucomelas,off Wollongong,28 Mar 1993,Accepted
191,,House Swift,Apus nipalensis,Ballina,8 Mar 1995,Not Confirmed (not assessed)
192,,Southern Fulmar,Fulmarus glacialoides,"Long Reef, Sydney ",21 Jun 1995,Not Confirmed (not assessed)
193,,Metallic Starling,Aplonis metallica,Bowraville,4 Mar 1994,Not accepted
194,,Metallic Starling,Aplonis metallica,Bowraville,28 Aug 1994,Not accepted
195,,Kerguelen Petrel,Lugensa brevirostris,off Sydney,23 Sep 1995,Not accepted
196,,Black-winged Petrel,Pterodroma nigripennis,off Wollongong,22 Oct 1995,Accepted
197,,Roseate Tern,Sterna dougallii,"Flat Rock Beach, Ballina",28 Sep 1995,Not Confirmed (not assessed)
198,,Cook's Petrel,Pterodroma cookii,off Wollongong,22 Oct 1995,Not Confirmed (not assessed)
201,,Red-tailed Tropicbird,Phaethon rubricauda,Ballina,2 Nov 1995,Not Confirmed (not assessed)
202,,Cook's Petrel,Pterodroma cookii,off Sydney,9 Dec 1995,Not Confirmed (not assessed)
203,,White-chinned Petrel,Procellaria aequinoctialis,off Sydney,19 Dec 1995,Not Confirmed (not assessed)
204,,Black-bellied Storm Petrel,Fregetta tropica,off Sydney,9 Dec 1995,Accepted
205,,Black-winged Petrel,Pterodroma nigripennis,"Spoon Bay Beach, Wamberal",12 Jan 1996,Accepted
206,,Pink Robin,Petroica rodinogaster,Yallah,5 Apr 1996,Not Confirmed (not assessed)
207,,Grey Ternlet,Procelsterna albivitta,off Wollongong,11 Mar 1996,Not Confirmed (not assessed)
208,,Red-tailed Tropicbird,Phaethon rubricauda,Tamworth,6 Mar 1995,Accepted
209,,South Polar Skua,Stercorarius maccormicki,off Wollongong,14 Apr 1996,Not Confirmed (not assessed)
210,,Kermadec Petrel,Pterodroma neglecta,off Wollongong,14 Apr 1996,Not Confirmed (not assessed)
211,,Black-headed Gull,Chroicocephalus ridibundus,off Bellambi,11 Aug 1994,Withdrawn
212,,White Tern,Gygis alba,East Ballina Lighthouse,5 Feb 1996,Not Confirmed (not assessed)
213,,White Tern,Gygis alba,"Long Reef, Sydney ",2 May 1996,Not Confirmed (not assessed)
214,,White Tern,Gygis alba,Avoca Beach,3 May 1996,Accepted
215,,White Tern,Gygis alba,Norah Head ,5 May 1996,Accepted
216,,Kermadec Petrel,Pterodroma neglecta,off Wollongong,28 Apr 1996,Accepted
217,,Herald Petrel,Pterodroma heraldica,off Wollongong,28 Apr 1996,Not Confirmed (not assessed)
218,,Royal Albatross,Diomedea epomophora (sensu lato),off Wollongong,22 Aug 1994,Not Confirmed (not assessed)
219,,Grey-backed Storm Petrel,Garrodia nereis,off Wollongong,25 Sep 1994,Accepted
220,,Black Petrel,Procellaria parkinsoni,off Wollongong,17 Nov 1994,Not Confirmed (not assessed)
221,,Common Noddy,Anous stolidus,off Nambucca Heads,5 May 1996,Accepted
222,,Great Frigatebird,Fregata minor,East Ballina Lighthouse,4 May 1996,Accepted
223,,Common Noddy,Anous stolidus,off Tweed Heads,24 Feb 1996,Accepted
224,,Red-tailed Tropicbird,Phaethon rubricauda,Wauchope,7 Mar 1995,Accepted
225,,Black-bellied Storm Petrel,Fregetta tropica,off Sydney,8 Jun 1996,Accepted
226,,Westland Petrel,procellaria westlandica,off Sydney,8 Jun 1996,Not Confirmed (not assessed)
228,,Common Redshank,Tringa totanus,"Long Reef, Sydney ",8 Jul 1996,Not Confirmed (not assessed)
229,,Grey-headed Albatross,Thalassarche chrysostoma,off Wollongong,23 Jul 1996,Not Confirmed (not assessed)
230,,White-chinned Petrel,Procellaria aequinoctialis,off Wollongong,28 Jun 1996,Accepted
231,,Cotton Pygmy Goose,Nettapus coromandelianus,Mooney Mooney Creek,30 May 1996,Accepted
232,,Kermadec Petrel,Pterodroma neglecta,Coogee,16 Jun 1996,Not accepted
233,,Australian Logrunner,Orthonyx temminckii,near Eden,27 Dec 1995,Accepted
234,,Blue Petrel,Halobaena caerulea,St Georges Basin,4 Sep 1995,Accepted
235,,Great Frigatebird,Fregata minor,South Ballina  ,5 May 1996,Accepted
236,,Long-toed Stint,Calidris subminuta,Pitt Town Lagoon,18 Oct 1996,Accepted
237,,Mottled Petrel,Pterodroma inexpectata,off Sydney,3 Nov 1996,Accepted
238,,Black Petrel,Procellaria parkinsoni,off Sydney,3 Nov 1996,Accepted
239,,Brown Booby,Sula leucogaster,off Ballina,11 Apr 1993,Accepted
240,,Grey Ternlet,Procelsterna albivitta,off Wollongong,26 Jan 1997,Accepted
241,,Oriental Pratincole,Glareola maldivarum,Pitt Town Lagoon,28 Nov 1996,Accepted
242,,Eastern Yellow Wagtail,Motacilla tschutschensis,Lower Hunter Estuary,7 Jan 1998,Accepted
243,,Common Tern (nominate),Sterna hirundo hirundo,South Ballina  ,14 Apr 1997,Accepted
244,,Red Goshawk,Erythrotriorchis radiatus,Alstonville ,24 Nov 1991,Not accepted
245,,Black-winged Petrel,Pterodroma nigripennis,off Sydney,14 Dec 1996,Accepted
246,,Grey Ternlet,Procelsterna albivitta,off Sydney,18 Jan 1997,Accepted
247,,Black-winged Petrel,Pterodroma nigripennis,off Sydney,18 Jan 1997,Accepted
248,,Tahiti Petrel,Pseudobulweria rostrata,off Sydney,18 Jan 1997,Accepted
249,,Mottled Petrel,Pterodroma inexpectata,off Wollongong,27 Oct 1996,Accepted
250,,Soft-plumaged Petrel,Pterodroma mollis,off Wollongong,27 Oct 1996,Accepted
251,245,White Wagtail,Motacilla alba lugens,Glendale ,4 Apr 1998,Accepted
252,,Masked Booby,Sula dactylatra,"Boat Harbour, Kurnell",12 Jul 1998,Not accepted
253,,Shining Flycatcher,Myiagra alecto,Cobaki Broadwater ,29 Jun 1998,Accepted
255,,Northern Royal Albatross,Diomedea (e.) sanfordi,Norah Head ,8 Jul 1998,Accepted
256,,Australian Swiftlet,Aerodramus terraereginae,East Ballina Lighthouse,3 Feb 1990,Not Confirmed (not assessed)
257,,Australian Swiftlet,Aerodramus terraereginae,Avalon,26 Jan 1998,Accepted
258,,Royal Albatross,Diomedea epomophora (sensu lato),Maroubra ,2 Jul 1998,Not accepted
259,,Common Diving Petrel,Pelecanoides urinatrix,Maroubra ,26 Aug 1998,Not reviewed
260,,Grey-headed Albatross,Thalassarche chrysostoma,off Sydney,29 Aug 1998,Accepted
270,,Red-footed Booby,Sula sula,Warnervale,23 Jun 1998,Accepted
271,,Southern Fulmar,Fulmarus glacialoides,Maroubra ,20 Nov 1998,Accepted
272,,Grey-backed Storm Petrel,Garrodia nereis,Cape Solander,6 Jul 1984,Withdrawn
273,,Grey-backed Storm Petrel,Garrodia nereis,off Port Macquarie  ,11 Aug 1998,Not accepted
274,,Barred Cuckooshrike,Coracina lineata,Wollongong,15 Nov 1998,Accepted
275,,Baird's Sandpiper,Calidris bairdii,McGraths Hill ,5 Oct 1998,Not accepted
276,248,White Wagtail,Motacilla alba,Clear Lake ,20 Nov 1997,Not accepted
277,258,South Island Pied Oystercatcher,Haematopus finschi,"Robins Beach, South Ballina ",7 Nov 1998,Accepted
278,,White Tern,Gygis alba,Tygalum,8 May 1996,Accepted
288,,Macaroni Penguin,Eudyptes chrysolophus,Batemans Bay  ,10 Dec 1997,Accepted
289,,Black-winged Petrel,Pterodroma nigripennis,Brunswick Heads,27 Jan 1997,Accepted
290,,Oriental Plover,Charadrius veredus,"Warri Gate, Sturt NP",8 Oct 1996,Accepted
291,,Tahiti Petrel,Pseudobulweria rostrata,off Wollongong,23 Feb 1996,Accepted
292,,Grey-headed Albatross,Thalassarche chrysostoma,off Wollongong,27 Jun 1999,Accepted
293,,Blue Petrel,Halobaena caerulea,off Sydney,10 Jul 1999,Accepted
294,,Royal Albatross,Diomedea epomophora (sensu lato),off Wollongong,29 Sep 1999,Accepted
295,,Light-mantled Sooty Albatross,Phoebetria palpebrata,off Wollongong,27 Jun 1999,Accepted
296,,Sooty Albatross,Phoebetria fusca,off Wollongong,3 Jul 1999,Accepted
297,,Soft-plumaged Petrel,Pterodroma mollis,off Wollongong,10 Jul 1999,Accepted
298,,Southern Fulmar,Fulmarus glacialoides,off Wollongong,10 Jul 1999,Accepted
299,,Black-bellied Storm Petrel,Fregetta tropica,off Wollongong,10 Jul 1999,Accepted
300,,White-necked Petrel,Pterodroma cervicalis,off South West Rocks,4 Jul 1999,Not reviewed
301,,Royal Albatross,Diomedea epomophora (sensu lato),Maroubra ,31 Jul 1999,Accepted
302,,Southern Fulmar,Fulmarus glacialoides,Maroubra ,31 Jul 1999,Accepted
303,,Pink Robin,Petroica rodinogaster,"Mitchell Park, Cattai",11 Apr 1999,Not accepted
304,,Blue-winged Kookaburra,Dacelo leachii,Sturt NP,10 Sep 1999,Not Confirmed (not assessed)
305,,Black-bellied Storm Petrel,Fregetta tropica,off Sydney,25 Sep 1999,Accepted
306,,Roseate Tern,Sterna dougallii,"Woody Head, Iluka ",24 Jan 1999,Accepted
307,,Grey-headed Albatross,Thalassarche chrysostoma,off Sydney,8 Jul 2000,Accepted
309,,Eastern Yellow Wagtail,Motacilla tschutschensis,Ash Island,20 Feb 2000,Accepted
310,307,Northern Shoveler,Anas clypeata,"Kalangadoo, via Lawrence",12 Aug 2000,Accepted
311,,Common Redshank,Tringa totanus,Jerseyville,14 Sep 2000,Accepted
312,,Roseate Tern,Sterna dougallii,Broadwater NP,2 Apr 2000,Accepted
313,,Grey-headed Albatross,Thalassarche chrysostoma,off Wollongong,27 Jul 2000,Accepted
314,,White-chinned Petrel,Procellaria aequinoctialis,4.5 km n of Ballina (=Flatrock Beach??),26 Feb 2000,Accepted
315,,White-chinned Petrel,Procellaria aequinoctialis,off Sydney,11 Nov 2000,Accepted
316,,Masked Booby,Sula dactylatra,"Point Danger, Tweed Heads",9 Nov 2000,Accepted
317,,Pink Robin,Petroica rodinogaster,North Rocks,6 Oct 2000,Not accepted
318,,Mottled Petrel,Pterodroma inexpectata,"Point Danger, Tweed Heads",18 Dec 2000,Accepted
319,,Great Frigatebird,Fregata minor,off South West Rocks,16 Dec 2000,Not accepted
320,,Pied Heron,Egretta picata,northern Macquarie Marshes,23 Jan 2001,Accepted
321,,Pied Heron,Egretta picata,Ettamogha via Albury,17 Aug 1999,Accepted
322,,Spotted Bowerbird,Chlamydera maculata,Pottsville,9 Jan 2001,Accepted
323,,Grey-headed Albatross,Thalassarche chrysostoma,off Eden,19 Sep 1999,Accepted
324,,Fairy Tern,Sternula nereis,Harrington Spit,21 Dec 2000,Accepted
325,,Southern Fulmar,Fulmarus glacialoides,off Eden,19 Sep 1999,Accepted
327,277,Antarctic Petrel,Thalassoica antarctica,Maroubra  ,26 Aug 1999,Accepted
328,,Eastern Yellow Wagtail,Motacilla tschutschensis,Ash Island,24 Feb 2001,Accepted
329,,Black-bellied Storm Petrel,Fregetta tropica,off Sydney,9 Dec 2000,Accepted
330,305,Tristram's Storm Petrel,Oceanodroma tristrami,off Sydney,9 Oct 2000,Accepted
331,,Grey-headed Albatross,Thalassarche chrysostoma,Maroubra ,29 Jul 2001,Accepted
332,,Mallee Emu-wren,Stipiturus mallee,Mungo NP,14 Apr 2001,Not accepted
333,,Oriental Plover,Charadrius veredus,Culburra Beach,14 Sep 2001,Not accepted
334,,Oriental Pratincole,Glareola maldivarum,"Dangars Lagoon, Uralla",27 Dec 2001,Accepted
335,263,Papuan Harrier,Circus spilothorax,Lennox Head ,27 Aug 1997,Not accepted
336,,Masked Booby,Sula dactylatra,Fingal Head,22 Nov 2001,Accepted
337,,Roseate Tern,Sterna dougallii,Maroubra ,18 Jul 2001,Not accepted
338,,Grey-headed Albatross,Thalassarche chrysostoma,off Wollongong,4 Jul 1998,Accepted
339,,Grey-headed Albatross,Thalassarche chrysostoma,off Wollongong,28 Sep 1996,Accepted
340,,Grey-headed Albatross,Thalassarche chrysostoma,off Wollongong,2 Aug 1998,Accepted
341,,Blue Petrel,Halobaena caerulea,off Wollongong,3 Jul 1999,Accepted
342,,Eastern Yellow Wagtail,Motacilla tschutschensis,Ash Island,24 Feb 2002,Accepted
343,,Long-toed Stint,Calidris subminuta,Tullakool Saltworks,9 May 2002,Accepted
344,,Cotton Pygmy Goose,Nettapus coromandelianus,Minmi Sewage Treament Ponds,3 Jul 2002,Accepted
345,261,Glossy Swiftlet,Collocalia esculenta,"Connells Point, Sydney ",14 Mar 1999,Not accepted
346,301,Northern Pintail,Anas acuta,"Cowan Ponds, Grafton ",3 Aug 2000,Accepted
348,,Glossy Swiftlet,Collocalia esculenta,Sackville North ,9 Mar 2001,Not accepted
349,318,Western Sandpiper,Calidris mauri,West Byron Wetlands ,22 Nov 2001,Not accepted
350,325,Lesser Yellowlegs,Tringa flavipes,Ash Island,14 Sep 2001,Accepted
351,238,House Swift,Apus nipalensis,Edgeworth ,24 Dec 1997,Not accepted
352,,Long-toed Stint,Calidris subminuta,Jerseyville,26 Jul 2002,Not accepted
353,,Oriental Plover,Charadrius veredus,Clovelly Bowling Club,10 Aug 2002,Accepted
354,,Oriental Plover,Charadrius veredus,Stockton Beach  ,10 Nov 2002,Accepted
355,,Eastern Yellow Wagtail,Motacilla tschutschensis,"Bakers Lagoon, Richmond",23 Dec 2002,Accepted
356,366,Buff-breasted Sandpiper,Tryngites subruficollis,"Bushells Lagoon, Wilberforce",14 Dec 2002,Accepted
357,,Oriental Plover,Charadrius veredus,Raleigh ,25 Oct 2002,Accepted
358,,Scarlet-chested Parrot,Neophema splendida,54 km SW of Louth,5 Oct 2002,Accepted
359,,Red-backed Buttonquail,Turnix maculosus,Coolabah,24 Oct 2000,Accepted
360,348,Northern Shoveler,Anas clypeata,"Pelican Island, Jerseyville ",13 May 2002,Accepted
361,343,Kentish Plover,Charadrius alexandrinus,Old Bar ,14 Feb 2002,Accepted
362,,Eastern Yellow Wagtail,Motacilla tschutschensis,Ash Island,22 Jan 2003,Accepted
363,,Red-backed Buttonquail,Turnix maculosus,McGraths Hill ,10 Jan 1999,Accepted
364.1,,Fairy Tern,Sternula nereis,Lake Conjola,27 Jan 2002,Accepted
364.2,,Fairy Tern,Sternula nereis,"Wallagoot Lake, Bournda NP",27 Dec 2002,Accepted
365,,Banded Whiteface,Aphelocephala nigricincta,Hungerford,20 Sep 1999,Not Confirmed (not assessed)
366,,Masked Booby,Sula dactylatra,off Wollongong,25 May 2003,Accepted
367,379,Northern Shoveler,Anas clypeata,Ash Island,28 Jul 2002,Accepted
368,,Orange-bellied Parrot,Neophema chrysogaster,Maroubra,9 Aug 2003,Accepted
369,,Eastern Yellow Wagtail,Motacilla tschutschensis,Eastlakes Golf Course ,18 Jan 2003,Accepted
370,373,Westland Petrel,Procellaria westlandica,"Flat Rock Beach, Ballina",12 Jan 2003,Accepted
371,,Soft-plumaged Petrel,Pterodroma mollis,off Batemans Bay,6 Oct 2006,Accepted
372,,Eastern Yellow Wagtail,Motacilla tschutschensis,Ash Island,16 Nov 2003,Accepted
373,,Long-toed Stint,Calidris subminuta,Ash Island,28 Dec 2003,Accepted
374,,Great Frigatebird,Fregata minor,"Clarence Head, Yamba",6 Mar 2003,Accepted
375,,Oriental Plover,Charadrius veredus,Comerong Island ,18 Jan 2004,Accepted
376,,White-eared Monarch,Carterornis leucotis,Crowdy Bay NP,5 Nov 2004,Accepted
377,,Bourke's Parrot,Neopsephotus bourkii,Weddin Mountain,21 Oct 2003,Not accepted
378,422,Stilt Sandpiper,Calidris himantopus,Stockton Sandspit,7 Feb 2004,Not accepted
379,401,Canada Goose,Branta canadensis,Shoalhaven Heads ,18 Oct 2002,Accepted
380,405,Franklin's Gull,Leucophaeus pipixcan,"Little Bay, Sydney ",14 Dec 2003,Not accepted
381,387,House Swift,Apus nipalensis,NW of Dungog,1 30 2003,Not accepted
382,397,South Island Pied Oystercatcher,Haematopus finschi,Arrawarra Beach,24 May 2003,Accepted
383,382,Buff-breasted Sandpiper,Tryngites subruficollis,Lake Wollumboola,26 Mar 1999,Accepted
384,,Torresian Imperial Pigeon,Ducula spilorrhoa,Millingandi,1 Apr 2004,Accepted
385,,Elegant Parrot,Neophema elegans,Fowlers Gap,13 Jul 2004,Accepted
386,,Spotted Nightjar,Eurostopodus argus,Kurnell,23 Jun 2001,Not accepted
387,,Light-mantled Sooty Albatross,Phoebetria palpebrata,off Lord Howe Island,20 Jul 2004,Accepted
388,,Kermadec Petrel,Pterodroma neglecta,off Sydney,11 Oct 2004,Accepted
389,,Soft-plumaged Petrel,Pterodroma mollis,off Sydney,5 Oct 2004,Accepted
390,,Southern Royal Albatross,Diomedea (e.) epomophora,off Sydney,5 Oct 2004,Accepted
391,,Grey-backed Storm Petrel,Garrodia nereis,off Sydney,5 Oct 2004,Accepted
392,231,Westland Petrel,Procellaria westlandica,off Wollongong,28 Jul 1996,Accepted
394,416,Buff-breasted Sandpiper,Tryngites subruficollis,Ash Island,13 Feb 2004,Accepted
396,,Green Pygmy Goose,Nettapus pulchellus,"Seales Road Swamp, via Kempsey",9 Dec 2004,Accepted
397,,Masked Booby,Sula dactylatra,South-West Rocks,20 Jan 2005,Accepted
398,,Torresian Imperial Pigeon,Ducula spilorrhoa,Port Macquarie,26 Mar 2005,Accepted
399,,Black-bellied Storm Petrel,Fregetta tropica,off Newcastle,10 Apr 2005,Accepted
400,,Red-backed Buttonquail,Turnix maculosus,"Woodford Island, via Bushgrove",9 Feb 2005,Accepted
401,459,Franklin's Gull,Leucophaeus pipixcan,Avoca Beach ,26 Mar 2005,Not accepted
402,,Oriental Plover,Charadrius veredus,Lord Howe Island,7 Apr 2005,Accepted
403,,Masked Booby,Sula dactylatra,Bermagui,17 Apr 2003,Accepted
404,,Radjah Shelduck,Tadorna radjah,Urunga,2 Aug 2005,Accepted
405,,Pacific Baza,Aviceda subcristata,Tibooburra,7 Jul 2005,Accepted
406,,Radjah Shelduck,Tadorna radjah,Mungo Brush,12 Oct 2005,Accepted
407,,Red-backed Buttonquail,Turnix maculosus,"Norfolk Homestead, Cassilis",28 Jun 2005,Accepted
408,,Fairy Tern,Sternula nereis,"Flat Rock Beach, Ballina",27 Dec 2005,Not accepted
409,,Black-breasted Buttonquail,Turnix melanogaster,"Minyon Falls, Whian Whian NP",9 Jul 2000,Accepted
410,469,Northern Shoveler,Anas clypeata,Near Kempsey ,25 Jun 2005,Accepted
411,,Dusky Honeyeater,Myzomela obscura,Piggabeen,17 Aug 2005,Accepted
412,,Oriental Pratincole,Glareola maldivarum,Jerseyville,16 Feb 2006,Accepted
413,,Red-backed Buttonquail,Turnix maculosus,Richmond Lowlands,3 Feb 2006,Accepted
414,,Olive-backed Sunbird,Cinnyris jugularis,Maitland,11 Mar 2006,Accepted
415,,Red-backed Buttonquail,Turnix maculosus,Kooragang Island,2 Feb 2006,Accepted
416,,White-chinned Petrel,Procellaria aequinoctialis,Lord Howe Island,20 Mar 2006,Accepted
417,,Squatter Pigeon,Geophaps scripta,20 km N of Ashford,13 May 2006,Accepted
418,957,White-bellied Storm Petrel,Fregetta grallaria,off Newcastle,23 Apr 2006,Accepted
419,,White-bellied Storm Petrel,Fregetta grallaria,Yamba  ,23 May 2006,Accepted
420,,White-eared Monarch,Carterornis leucotis,Pearl Beach,26 Feb 2005,Not Confirmed (not assessed)
421,,Masked Booby,Sula dactylatra,off Cape Byron,18 Sep 2005,Accepted
424,481,American Golden Plover,Pluvialis dominica,Shoalhaven Heads ,1 Apr 2006,Not Accepted
425,,Light-mantled Sooty Albatross,Phoebetria palpebrata,off Wollongong,23 Oct 2004,Accepted
426,,Orange Chat,Epthianura aurifrons,Malabar,11 Jan 2006,Accepted
427,1095,Northern Shoveler,Anas clypeata,North Kempsey,27 Jul 2006,Accepted
428,958,White-bellied Storm Petrel,Fregetta grallaria,off Sydney,30 Oct 2006,Accepted
429,,Fiordland Penguin,Eudyptes pachyrhynchus,South Bermagui,19 Oct 2006,Accepted
430,,Red-footed Booby,Sula sula,Off Bunjalung NP,20 Oct 2006,Not accepted
431,,Fiordland Penguin,Eudyptes pachyrhynchus,Green Cape,6 Nov 2006,Accepted
432,,Fiordland Penguin,Eudyptes pachyrhynchus,Norah Head ,7 Nov 2006,Accepted
434,,Kermadec Petrel,Pterodroma neglecta,off Wollongong,28 May 2004,Accepted
435,,Oriental Plover,Charadrius veredus,60 km S of Hay,18 Oct 2006,Accepted
436,,Shy Albatross,Thalassarche cauta,Lord Howe Island,19 Feb 2007,Accepted
437,,Masked Booby,Sula dactylatra,Off Milton,31 Mar 2007,Accepted
438,,Northern Royal Albatross,Diomedea (e.) sanfordi,Off Milton,31 Mar 2007,Accepted
439,,Kermadec Petrel,Pterodroma neglecta,off Ulladulla,31 Mar 2007,Accepted
441,,Painted Finch,Emblema pictum,Broken Hill,5 May 2007,Accepted
442,,Masked Booby,Sula dactylatra,off South West Rocks,11 Apr 2007,Accepted
443,,Painted Finch,Emblema pictum,"Mount Wood, Tibooburra",7 May 2007,Accepted
444,,Cotton Pygmy Goose,Nettapus coromandelianus,"Swan Creek, Grafton",20 May 2007,Accepted
445,,Hardhead,Aythya australis,Lord Howe Island,24 Mar 2007,Accepted
446,,Yellow Chat,Epthianura crocea,White Cliffs,14 Apr 2007,Accepted
447,507,Broad-billed Prion,Pachyptila vittata,"Long Reef, Sydney ",17 Jun 2000,Accepted
448,492,Grey-headed Lapwing,Vanellus cinereus,Burren Junction ,19 Jul 2006,Accepted
449,490,Broad-billed Prion,Pachyptila vittata,Bensville ,7 Jun 2006,Accepted
450,491,South Island Pied Oystercatcher,Haematopus finschi,Stockton Sandspit,3 Feb 2004,Accepted
451,487,Great Shearwater,Ardenna gravis,off Wollongong,22 Apr 2006,Accepted
453,513,Westland Petrel,Procellaria westlandica,Narrabeen,23 Dec 2006,Accepted
454,520,Rosy Starling,Pastor roseus,Coffs Harbour ,4 Dec 2006,Accepted
455,522,South Polar Skua,Stercorarius maccormicki,off Wollongong,24 Feb 2007,Withdrawn
456,,Flock Bronzewing,Phaps histrionica,Sturt NP,25 Sep 2007,Accepted
457,,Kermadec Petrel,Pterodroma neglecta,off Wollongong,22 Mar 2008,Accepted
458,,Painted Finch,Emblema pictum,Menindee,19 Aug 2007,Accepted
459,,Pied Heron,Egretta picata,Bega,31 May 2008,Accepted
460,528,Black Tern,Chlidonias niger,"Woody Head, Iluka ",21 Apr 2007,Not Accepted
461,550,Lesser Yellowlegs,Tringa flavipes,Jerseyville  ,28 Oct 2007,Accepted
462,551,Canada Goose,Branta canadensis,Milton ,26 Dec 2007,Accepted
463,,Light-mantled Sooty Albatross,Phoebetria palpebrata,Port Macquarie,5 Jun 2008,Accepted
464,,Painted Finch,Emblema pictum,north of Jerilderie ,3 Aug 2008,Accepted
465,,Mottled Petrel,Pterodroma inexpectata,off Wollongong,19 Oct 2008,Accepted
466,559,Cook's Petrel,Pterodroma cookii,off Wollongong,24 Nov 2007,Accepted
467,556,House Crow,Corvus splendens ,Dee Why ,13 Mar 2008,Accepted
468,557,White-bellied Storm Petrel,Fregetta grallaria,off Eden,30 Mar 2008,Not Accepted
469,554,Westland Petrel,Procellaria westlandica,off South West Rocks,27 Jun 2007,Not accepted
470,560,Westland Petrel,Procellaria westlandica,off Wollongong,24 Nov 2007,Not accepted
471,,Westland Petrel,Procellaria westlandica,12 km SSW of Ballina ,5 Jan 2009,Accepted
472,,Australian Swiftlet (or White-rumped Swiftlet),Aerodramus sp.,Port Macquarie ,30 Dec 2008,Accepted
473,,Oriental Plover,Charadrius veredus,Ash Island,2 Jan 2009,Not accepted
474,594,Yellow White-eye,Zosterops luteus,Sawtell ,22 Feb 2009,Accepted
475,,Scarlet-chested Parrot,Neophema splendida,Scotia Sanctuary ,18 Oct 2008,Accepted
476,,Cotton Pygmy Goose,Nettapus coromandelianus,Tweed Heads ,16 Apr 2009,Accepted
477,,Red-footed Booby,Sula sula,off Wollongong,28 Mar 2009,Accepted
478,,Cape Barren Goose,Cereopsis novaehollandiae,Shellharbour ,6 Apr 2009,Accepted
479,,Torresian Imperial Pigeon,Ducula spilorrhoa,Raleigh ,25 Apr 2009,Accepted
480,,Torresian Imperial Pigeon,Ducula spilorrhoa,Bulahdelah ,11 May 2009,Accepted
481,,Torresian Imperial Pigeon,Ducula spilorrhoa,Newport ,9 Apr 2009,Accepted
482,,Kermadec Petrel,Pterodroma neglecta,Maroubra ,24 May 2009,Not accepted
483,,Light-mantled Sooty Albatross,Phoebetria palpebrata,off Eden,31 May 2009,Accepted
484,,Radjah Shelduck,Tadorna radjah,Ballina ,6 May 2009,Accepted
485,,Sooty Albatross,Phoebetria fusca,off Jervis Bay ,10 Jul 2009,Accepted
486,598,Westland Petrel,Procellaria westlandica,off Sydney,9 May 2009,Accepted
487,599,Pycroft's Petrel,Pterodroma pycrofti,off Lord Howe Island ,1 Oct 2008,Not Accepted
488,,Red-footed Booby,Sula sula,off Eden,11 Sep 2009,Accepted
489,,Cotton Pygmy Goose,Nettapus coromandelianus,Kyogle ,20 Sep 2009,Accepted
490,,Thick-billed Grasswren,Amytornis modestus,near Packsaddle ,24 Aug 2008,Accepted
491,,Torresian Imperial Pigeon,Ducula spilorrhoa,Smithtown ,18 Aug 2009,Accepted
492,,Light-mantled Sooty Albatross,Phoebetria palpebrata,Lennox Head ,27 May 2009,Accepted
493,,Light-mantled Sooty Albatross,Phoebetria palpebrata,Ballina ,24 Aug 2007,Accepted
494,,Black-breasted Buttonquail,Turnix melanogaster,Dorrigo NP,31 Jul 2007,Not accepted
496,,Long-toed Stint,Calidris subminuta,Tuross Estuary,6 Sep 2009,Accepted
497,,Southern Fulmar,Fulmarus glacialoides,Batemans Bay  ,22 Oct 2009,Accepted
498,,Bridled Tern,Onychoprion anaethetus,off Wollongong,28 Nov 2009,Accepted
499,,Bridled Tern,Onychoprion anaethetus,Ballina ,18 Dec 2009,Accepted
500,,White-browed Crake,Porzana cinerea,West Byron Wetlands ,11 Feb 2010,Accepted
501,,Great Frigatebird,Fregata minor,Montague Island ,10 Jan 2010,Accepted
502,,Red-footed Booby,Sula sula,off Port Stephens,27 Mar 2010,Accepted
503,959,White-bellied Storm Petrel,Fregetta grallaria,off Port Stephens,27 Mar 2010,Accepted
504,891,White-bellied Storm Petrel,Fregetta grallaria,off Sydney,13 Mar 2010,Accepted
505,,Cape Barren Goose,Cereopsis novaehollandiae,Ulladulla ,16 Mar 2010,Accepted
506,615,Westland Petrel,Procellaria westlandica,off Lord Howe Island ,29 Sep 2009,Not accepted
507,617,Cook's Petrel,Pterodroma cookii,Grafton ,22 Oct 2009,Accepted
508,627,Laughing Gull,Leucophaeus atricilla,Lord Howe Island ,12 Jan 2010,Accepted
509,629,Chestnut-tailed Starling,Sturnia malabarica,Hornsby,24 Jan 2010,Not accepted
510,633,Dunlin,Calidris alpina,Tuross Estuary ,5 Jan 2010,Accepted
511,,Green Pygmy Goose,Nettapus pulchellus,Narrabri Lake ,24 Sep 2010,Accepted
512,,Scarlet-chested Parrot,Neophema splendida,near Silverton ,10 Aug 2010,Not accepted
513,,Purple-crowned Lorikeet,Glossopsitta porphyrocephala,Deniliquin ,28 Oct 2010,Accepted
514,,Pied Heron,Egretta picata,Narran Lake,11 Apr 2011,Accepted
515,,Radjah Shelduck,Tadorna radjah,"Carrs Creek, Grafton",29 Jan 2011,Accepted
516,898,Cook's Petrel,Pterodroma cookii,"Circular Quay, Sydney Harbour",26 Mar 2009,Accepted
517,899,Cook's Petrel,Pterodroma cookii,off Ulladulla,19 Oct 2009,Accepted
518,890,White-bellied Storm Petrel,Fregetta grallaria,off Ulladulla,29 Mar 2009,Accepted
519,,Grey-backed Storm Petrel,Garrodia nereis,off Wollongong,28 May 2011,Accepted
520,,Green Pygmy Goose,Nettapus pulchellus,"Smiths Lake, Coffs Harbour",28 May 2011,Accepted
521,,Soft-plumaged Petrel,Pterodroma mollis,Maroubra  ,14 May 2011,Not accepted
522,,Grey-backed Storm Petrel,Garrodia nereis,off Sydney,9 Jul 2011,Accepted
523,,Grey-backed Storm Petrel,Garrodia nereis,off Sydney,13 Aug 2011,Accepted
524,636,New Zealand Storm Petrel,Fregetta maoriana,off Port Stephens,28 Mar 2010,Accepted
525,645,American Golden Plover,Pluvialis dominica,Shoalhaven Heads,27 Sep 2006,Not accepted
526,648,Semipalmated Plover,Charadrius semipalmatus,Tuross Estuary,22 May 2010,Accepted
527,656,Red-billed Tropicbird,Phaethon aethereus,Lord Howe Island,6 Oct 2010,Accepted
528,684,New Zealand Storm Petrel,Fregetta maoriana,off Ulladulla,29 Mar 2010,Accepted
529,687,Great Shearwater,Ardenna gravis,off Sydney,9 Apr 2011,Accepted
530,688,South Polar Skua,Stercorarius maccormicki,off Wollongong,25 Oct 2009,Accepted
531,689,South Polar Skua,Stercorarius maccormicki,off Sydney,9 Apr 2011,Accepted
532,690,South Polar Skua,Stercorarius maccormicki,off Sydney,23 Oct 1983,Accepted
533,691,New Zealand Storm Petrel,Fregetta maoriana,off Wollongong,24 Apr 2010,Accepted
534,692,Great Shearwater,Ardenna gravis,off Swansea,21 Apr 2011,Accepted
535,693,Great Shearwater,Ardenna gravis,off Wollongong,23 Apr 2011,Accepted
536,694,Great Shearwater,Ardenna gravis,off Eden,5 Mar 2011,Accepted
537,,Long-toed Stint,Calidris subminuta,Lake Cargelligo STW  ,26 Sep 2011,Not accepted
538,,Scarlet-chested Parrot,Neophema splendida,north of Broken Hill ,26 Oct 2011,Accepted
539,,Red-backed Buttonquail,Turnix maculosus,Batemans Bay  ,7 Nov 2011,Not accepted
540,,Red-backed Buttonquail,Turnix maculosus,Crowdy Bay NP,11 Dec 2011,Accepted
541,,Radjah Shelduck,Tadorna radjah,Old Bonalbo  ,12 Feb 2012,Accepted
542,,Cape Barren Goose,Cereopsis novaehollandiae,"Mayfield, Newcastle  ",28 Apr 2011,Accepted
543,,Cook's Petrel,Pterodroma cookii,off Eden,22 Oct 2011,Accepted
544,,Cook's Petrel,Pterodroma cookii,off Eden,23 Oct 2011,Accepted
545,,Red-backed Buttonquail,Turnix maculosus,Bundjalung NP,21 Jan 2012,Accepted
546,,Mottled Petrel,Pterodroma inexpectata,off Eden,22 Oct 2011,Accepted
547,,White-bellied Storm Petrel,Fregetta grallaria,off Port Stephens,27 Feb 2010,Not accepted
548,,Bridled Tern,Onychoprion anaethetus,off Sydney,10 Mar 2012,Accepted
549,,Red-footed Booby,Sula sula,off Ulladulla,29 Mar 2010,Accepted
550,,Red-footed Booby,Sula sula,off Sydney,11 Feb 2012,Accepted
551,,Oriental Pratincole,Glareola maldivarum,Lord Howe Island  ,2 Jan 2012,Accepted
552,,Light-mantled Sooty Albatross,Phoebetria palpebrata,Stockton Beach  ,19 Mar 2012,Accepted
553,,Southern Fulmar,Fulmarus glacialoides,Wreck Bay ,7 Jun 2012,Accepted
554,,Light-mantled Sooty Albatross,Phoebetria palpebrata,Wreck Bay ,7 Jun 2012,Accepted
555,,Purple-crowned Lorikeet,Glossopsitta porphyrocephala,Oaklands ,9 Jun 2012,Accepted
556,,Grey-backed Storm Petrel,Garrodia nereis,off Eden,21 Jul 2012,Accepted
557,,Little Shearwater,Puffinus assimilis,off Sydney,14 Jul 2012,Accepted
558,,Little Shearwater,Puffinus assimilis,off Sydney,14 Jul 2012,Accepted
560,708,Broad-billed Prion,Pachyptila vittata,Ulladulla,26 Jul 2011,Accepted
561,715,Atlantic Yellow-nosed Albatross,Thalassarche chlororhynchus,off Wollongong,24 Aug 1986,Accepted
562,721,Great Shearwater,Ardenna gravis,off Port Stephens,20 Nov 2011,Accepted
563,742,South Polar Skua,Stercorarius maccormicki,off Sydney,14 Apr 2012,Accepted
564,745,Least Sandpiper,Calidris minutilla,Tuross Estuary,24 Jan 2011,Not Accepted
565,746,Little Stint,Calidris minuta,Tuross Estuary,5 Mar 2012,Not Accepted
566,749,Temminck's Stint,Calidris temminckii,Tuross Estuary,9 Apr 2012,Not Accepted
567,764,Baird's Sandpiper,Calidris bairdii,Tuross Estuary,9 Jul 2012,Not accepted
568,,Little Curlew,Numenius minutus,Ballina  ,6 Apr 2012,Accepted
569,,Cotton Pygmy Goose,Nettapus coromandelianus,Menindee  ,19 Nov 2012,Not accepted
570,,Cook's Petrel,Pterodroma cookii,off Port Stephens,19 Nov 2012,Accepted
571,,Oriental Plover,Charadrius veredus,Shoalhaven Heads  ,26 Jan 2013,Accepted
572,,Red-footed Booby,Sula sula,Swansea  ,29 Jan 2013,Accepted
573,,Red-footed Booby,Sula sula,South West Rocks  ,29 Jan 2013,Accepted
574,,Pink Robin,Petroica rodinogaster,Macquarie NP  ,14 Feb 2014,Not accepted
575,,Cook's Petrel,Pterodroma cookii,off Sydney,13 Oct 2012,Accepted
576,,Bridled Tern,Onychoprion anaethetus,Newcastle  ,30 Jan 2013,Accepted
577,,Radjah Shelduck,Tadorna radjah,Corindi  ,14 Apr 2013,Accepted
578,,Radjah Shelduck,Tadorna radjah,Yamba  ,1 Apr 2013,Accepted
579,,Pink Robin,Petroica rodinogaster,Morton NP   ,24 Apr 2013,Not accepted
580,,Great Frigatebird,Fregata minor,S Broulee Beach   ,31 Jan 2013,Not accepted
581,,Soft-plumaged Petrel,Pterodroma mollis,off Sydney,11 May 2013,Accepted
582,,Blue Petrel,Halobaena caerulea,off Wollongong,22 Jun 2013,Accepted
583,,Soft-plumaged Petrel,Pterodroma mollis,off Sydney,26 Oct 2012,Accepted
584,766,American Golden Plover,Pluvialis dominica,"Boat Harbour, Kurnell",6 Jan 2009,Accepted
585,767,Westland Petrel,Procellaria westlandica,off Wollongong,15 Dec 2012,Accepted
586,768,House Swift,Apus nipalensis,Iluka,1 Jan 2013,Not accepted
587,776,Westland Petrel,Procellaria westlandica,off Wollongong,26 Feb 2005,Accepted
588,777,South Polar Skua,Stercorarius maccormicki,off Wollongong,23 Feb 2008,Accepted
589,780,South Polar Skua,Stercorarius maccormicki,off Wollongong,23 Sep 2012,Accepted
590,782,House Swift,Apus nipalensis,Surfside,8 Feb 2012,Not accepted
591,785,Barau's Petrel,Pterodroma baraui,off Sydney,9 Feb 2013,Accepted
592,786,Westland Petrel,Procellaria westlandica,Port Kembla,25 Dec 2012,Accepted
593,790,Yellowhammer,Emberiza citrinella,"Mount Eliza, Lord Howe Island",18 Aug 1949,Accepted
594,,Cotton Pygmy Goose,Nettapus coromandelianus,near Kyogle ,27 Aug 2013,Accepted
595,,Oriental Plover,Charadrius veredus,Wilberforce ,27 Sep 2013,Accepted
596,,Oriental Plover,Charadrius veredus,"Long Reef, Sydney ",8 Oct 2013,Accepted
597,,Oriental Plover,Charadrius veredus,Sydney Airport ,15 Oct 2013,Accepted
598,,Little Shearwater,Puffinus assimilis,Boodooree NP,28 Jun 2013,Accepted
599,,Oriental Plover,Charadrius veredus,Moruya,11 Oct 2013,Accepted
600,,Oriental Plover,Charadrius veredus,Tuggerah ,27 Sep 2013,Accepted
601,,Southern Royal Albatross,Diomedea (e.) epomophora,off Ulladulla,18 Oct 2009,Accepted
602,,Northern Royal Albatross,Diomedea (e.) sanfordi,off Wollongong,29 Aug 2010,Accepted
603,,Asian Dowitcher,Limnodromus semipalmatus,Comerong Island ,16 Nov 2013,Accepted
604,,Grey-headed Albatross,Thalassarche chrysostoma,off Wollongong,12 Aug 2006,Accepted
605,,Grey-headed Albatross,Thalassarche chrysostoma,off Wollongong,24 Jun 2006,Accepted
606,,Cotton Pygmy Goose,Nettapus coromandelianus,Kyogle  ,26 Apr 2014,Accepted
607,,Light-mantled Sooty Albatross,Phoebetria palpebrata,off Port Stephens,9 Mar 2014,Accepted
608,,Black-breasted Buttonquail,Turnix melanogaster,Cougal  ,7 Mar 2014,Accepted
609,,Long-toed Stint,Calidris subminuta,south of Milton  ,27 Apr 2014,Not accepted
610,,Cotton Pygmy Goose,Nettapus coromandelianus,Hillston  ,18 Apr 2014,Accepted
611,,Salvin's Albatross,Thalassarche salvini,off Wollongong,26 Jun 2010,Accepted
612,,Salvin's Albatross,Thalassarche salvini,off Sydney,8 Oct 2011,Accepted
613,,Northern Royal Albatross,Diomedea (e.) sanfordi,off Wollongong,27 Aug 2005,Accepted
614,,Northern Royal Albatross,Diomedea (e.) sanfordi,off Ulladulla,30 Mar 2007,Accepted
615,,Northern Royal Albatross,Diomedea (e.) sanfordi,off Wollongong,26 Jul 2008,Accepted
616,,Northern Royal Albatross,Diomedea (e.) sanfordi,off Wollongong,24 Aug 2008,Accepted
617,,Northern Royal Albatross,Diomedea (e.) sanfordi,off Ulladulla,20 Oct 2008,Accepted
618,,Northern Royal Albatross,Diomedea (e.) sanfordi,off Wollongong,24 Aug 2013,Accepted
619,,Peregrine Falcon,Falco peregrinus calidus,east of Griffith  ,18 Mar 2010,Accepted
620,,Long-toed Stint,Calidris subminuta,Tuggerah  ,29 Mar 2014,Accepted
621,,Grey-headed Albatross,Thalassarche chrysostoma,off Sydney,10 Jul 2010,Accepted
622,,Dusky Honeyeater,Myzomela obscura,Tweed Heads ,29 Jun 2014,Accepted
623,,Oriental Plover,Charadrius veredus,near Largs  ,26 Jan 2014,Accepted
624,,Cotton Pygmy Goose,Nettapus coromandelianus,Nana Glen ,12 Aug 2014,Accepted
625,,Soft-plumaged Petrel,Pterodroma mollis,off Eden,7 Sep 2014,Accepted
626,,Grey-headed Albatross,Thalassarche chrysostoma,off Wollongong,22 Sep 2012,Accepted
627,,Little Curlew,Numenius minutus,Stockton Sandspit,21 Sep 2014,Not accepted
628,795,Tristan Albatross ,Diomedea dabbenena,off Wollongong,5 Oct 1997,Accepted
629,806,New Zealand Storm Petrel,Fregetta maoriana,off Swansea,14 Apr 2013,Accepted
630,807,Long-tailed Cuckoo,Urodynamis taitensis,Lord Howe Island,2 Dec 2010,Accepted
631,808,Buff-breasted Sandpiper,Tryngites subruficollis,Hexam Swamp,18 Jan 2014,Accepted
632,818,White Wagtail,Motacilla alba,Newry Bar,4 Dec 2013,Accepted
633,,Little Curlew,Numenius minutus,Hexham Swamp ,30 Nov 2014,Accepted
634,,Cook's Petrel,Pterodroma cookii,off Swansea,4 Dec 2014,Accepted
635,,Blue Petrel,Halobaena caerulea,off Wollongong,6 Sep 2014,Accepted
636,,Northern Royal Albatross,Diomedea (e.) sanfordi,off Wollongong,6 Sep 2014,Accepted
637,,Long-toed Stint,Calidris subminuta,Kooragang Island,22 Nov 2014,Accepted
638,,Great Frigatebird,Fregata minor,Newcastle  ,7 Jan 2015,Accepted
639,,Grey-headed Albatross,Thalassarche chrysostoma,Stockton Beach ,13 Jun 2014,Accepted
640,,Southern Fulmar,Fulmarus glacialoides,Minnie Water ,6 Sep 2003,Accepted
641,,Pink Robin,Petroica rodinogaster,Llandilo ,7 Jun 2015,Accepted
642,839,Arctic Warbler,Phylloscopus borealis,Arncliffe,29 Jun 2011,Not accepted
643,849,Atlantic Yellow-nosed Albatross,Thalassarche chlororhynchos,off Wollongong,26 Jul 2014,Accepted
644,850,Atlantic Yellow-nosed Albatross,Thalassarche chlororhynchos,off Wollongong,23 Aug 2014,Accepted
645,855,Citrine Wagtail,Motacilla citreola,"Putta Bucca Wetlands, Mudgee",24 Aug 2014,Accepted
646,876,South Island Pied Oystercatcher,Haematopus finschi,Sydney Harbour,1 Mar 2015,Accepted
647,853,South Island Pied Oystercatcher,Haematopus finschi,Tuckers Rocks,5 Jan 2015,Accepted
648,884,White-rumped Sandpiper,Calidris fuscicollis,Lake Wollumboola,5 Jan 2015,Accepted
649,895,Paradise Shelduck,Tadorna variegata,Lake Wollumboola,27 Dec 2015,Accepted
650,896,Hudsonian Godwit,Limosa haemastica,Lake Wollumboola,23 Dec 2015,Accepted
651,897,Western Sandpiper,Calidris mauri,Lake Wollumboola,17 Dec 2015,Not accepted
652,,Red-backed Buttonquail,Turnix maculosus,Tuncurry  ,27 Feb 2015,Accepted
653,,Red-necked Phalarope,Phalaropus lobatus,"Flat Rock Beach, Ballina",3 Mar 2016,Accepted
654,,Eyrean Grasswren,Amytornis goyderi,Winnathee Station  ,3 Apr 2016,Accepted
655,,Banded Honeyeater,Cissomela pectoralis,Winnathee Station  ,5 Apr 2016,Accepted
656,,Torresian Imperial Pigeon,Ducula spilorrhoa,Palm Beach ,10 Jun 2016,Accepted
657,,Little Shearwater,Puffinus assimilis,South Ballina Beach ,6 Aug 2016,Accepted
658,,Salvin's Albatross,Thalassarche salvini,off Kiama ,25 Jun 2016,Accepted
659,,Little Shearwater,Puffinus assimilis,Norah Head ,7 Jun 2016,Accepted
660,,Pied Heron,Egretta picata,Lake Cargelligo ,8 Nov 2016,Accepted
661,,Little Curlew,Numenius minutus,near Ballina ,12 Nov 2016,Accepted
662,,Little Curlew,Numenius minutus,Eastlakes Golf Course ,9 Dec 2016,Accepted
663,894,Westland Petrel,Procellaria westlandica,Byron Bay,13 Jan 2016,Accepted
664,,Red-backed Buttonquail,Turnix maculosus,Ellenborough ,12 Dec 2016,Accepted
665,,Kerguelen Petrel,Lugensa brevirostris,Callala Bay ,5 Jun 2016,Accepted
666,,Grey-backed Storm Petrel,Garrodia nereis,off Kiama ,24 Jul 2016,Accepted
667,,Red-necked Phalarope,Phalaropus lobatus,Lord Howe Island  ,19 Jan 2017,Accepted
668,,Red-backed Buttonquail,Turnix maculosus,Dilkoon  ,19 Jan 2017,Accepted
669,,Pied Heron,Egretta picata,Lake Coolah ,29 Dec 2016,Accepted
670,,Red-footed Booby,Sula sula,off Forster  ,12 Mar 2016,Accepted
671,,Light-mantled Sooty Albatross,Phoebetria palpebrata,"North Head, Sydney  ",19 Mar 2017,Accepted
672,,Pied Heron,Egretta picata,Condobolin  ,21 Feb 2017,Accepted
673,,Oriental Pratincole,Glareola maldivarum,Hexham Swamp ,22 Sep 2017,Accepted
674,,Little Shearwater,Puffinus assimilis,Lennox Head ,12 Jun 2017,Accepted
675,,Scarlet-chested Parrot,Neophema splendida,south of Broken Hill ,24 Oct 2010,Accepted
676,,Oriental Plover,Charadrius veredus,Hexham Swamp ,22 Sep 2017,Accepted
677,,Pied Heron,Egretta picata,Macquarie Marshes,17 Jan 2017,Accepted
678,,Pied Heron,Egretta picata,Lowbidgee Wetlands,31 Jan 2017,Accepted
679,,Little Curlew,Numenius minutus,Hexham Swamp ,29 Sep 2017,Accepted
680,,Soft-plumaged Petrel,Pterodroma mollis,off Port Stephens,15 Oct 2017,Accepted
681,,Pale-vented Bush-hen,Amaurornis moluccana,near Beechwood ,21 Nov 2017,Accepted
682,918,White-bellied Storm Petrel,Fregetta grallaria,Britannia Seamount,9 Apr 2016,Accepted
683,,Salvin's Albatross,Thalassarche salvini,off Kiama ,9 Oct 2017,Not accepted
684,,Mottled Petrel,Pterodroma inexpectata,off Port Stephens,12 Nov 2017,Accepted
685,,Little Shearwater,Puffinus assimilis,off Port Stephens,12 Nov 2017,Accepted
686,,Common Gull-billed Tern,Gelochelidon nilotica,Shoalhaven Heads ,4 Nov 2017,Accepted
687,,Common Gull-billed Tern,Gelochelidon nilotica,Stockton Sandspit,30 Dec 2017,Accepted
688,,Shining Flycatcher,Myiagra alecto,Cobaki Broadwater ,11 Sep 2017,Accepted
689,,Little Shearwater,Puffinus assimilis,Maroubra  ,15 Jan 2018,Not accepted
690,,Black-winged Petrel,Pterodroma nigripennis,off Crowdy Head  ,19 Jan 2018,Accepted
691,,Common Gull-billed Tern,Gelochelidon nilotica,"Micalo Island, Yamba  ",14 Feb 2018,Accepted
692,,Southern Royal Albatross,Diomedea (e.) epomophora,off Port Macquarie  ,7 Mar 2018,Accepted
693,,Red-footed Booby,Sula sula,Port Macquarie ,13 May 2018,Accepted
694,,Grey-headed Albatross,Thalassarche chrysostoma,Terrigal ,17 May 2000,Accepted
695,,Soft-plumaged Petrel,Pterodroma mollis,off Lord Howe Island ,17 May 2018,Accepted
696,,Grey Falcon,Falco hypoleucos,Wyndham ,20 May 2018,Not accepted
697,,Grey-headed Albatross,Thalassarche chrysostoma,off Kiama ,26 May 2018,Accepted
698,,Grey-backed Storm Petrel,Garrodia nereis,off Kiama ,28 Apr 2018,Accepted
699,,Little Shearwater,Puffinus assimilis,Ulladulla ,21 Jun 2018,Not accepted
700,,Sooty Albatross,Phoebetria fusca,off Lord Howe Island ,23 Jun 2018,Accepted
701,,Salvin's Albatross,Thalassarche salvini,off Lord Howe Island ,23 Jun 2018,Accepted
702,,Grey-backed Storm Petrel,Garrodia nereis,off Kiama ,23 Jun 2018,Accepted
703,,Cook's Petrel,Pterodroma cookii,off Kiama ,28 Oct 2017,Accepted
704,,Cook's Petrel,Pterodroma cookii,off Kiama ,6 Jan 2018,Accepted
705,,Orange Chat,Epthianura aurifrons,Tullakool Saltworks,13 Oct 2018,Accepted
706,,Common Gull-billed Tern,Gelochelidon nilotica,Stockton Beach ,10 Aug 2018,Accepted
707,,Red-backed Buttonquail,Turnix maculosus,Limeburners Creek NP,23 Nov 2018,Accepted
708,889,White-bellied Storm Petrel,Fregetta grallaria,Britannia Seamount,18 Mar 2015,Accepted
709,960,White-bellied Storm Petrel,Fregetta grallaria,off Sydney,11 Mar 2017,Accepted
710,965,Cook's Petrel,Pterodroma cookii,off Port Stephens,27 Nov 2016,Accepted
711,971,Band-rumped Storm Petrel,Hydrobates castro,Britannia Seamount,9 Apr 2016,Accepted
712,984,Cook's Petrel,Pterodroma cookii,off Port Stephens,12 Nov 2017,Accepted
713,985,Ringed Plover,Charadrius hiaticula ,Stockton Beach,25 Aug 2017,Accepted
714,987,Juan Fernandez Petrel,Pterodroma externa,off Wollongong,10 Aug 1985,Accepted
715.1,1001a,Aleutian Tern,Onychoprion aleuticus,"Farquhar Inlet, ",4 Dec 2016,Accepted
715.2,1001b,Aleutian Tern,Onychoprion aleuticus,"Farquhar Inlet, ",11 Dec 2017,Accepted
716,1006,Hudsonian Godwit,Limosa haemastica,Lake Wollumboola,1 Jul 2018,Accepted
717,1007,Grey-headed Lapwing,Vanellus cinereus,Penrith Lakes,5 Sep 2018,Accepted
718,,Grey-headed Albatross,Thalassarche chrysostoma,off Port Stephens,22 Jun 2008,Accepted
719,,South Polar Skua ,Stercorarius maccormicki,off South West Rocks,30 Aug 2018,Accepted
720,,Cook's Petrel,Pterodroma cookii,off Crowdy Head  ,20 Jan 2019,Accepted
721,,Grey Wagtail,Motacilla cinerea,Coopers Creek between Huonbrook and Wanganui ,6 Mar 2019,Accepted
722,,Pied Heron,Egretta picata,Pambula Lake,4 Feb 2019,Accepted
723,,South Polar Skua,Stercorarius maccormicki,off Forster  ,4 Apr 2019,Accepted
724,,Mottled Petrel,Pterodroma inexpectata,"MM Beach, Port Kembla",5 Apr 2019,Accepted
725,,Dusky Honeyeater,Myzomela obscura,Tomewin,19 Dec 2018,Accepted
726,,South Polar Skua,Stercorarius maccormicki,Bulli Beach,28 Feb 2019,Accepted
727,,Little Curlew,Numenius minutus,South West Rocks  ,28 Sep 2018,Not accepted
728,,Little Shearwater,Puffinus assimilis,Cape Solander,22 Jun 2019,Not accepted
729,1096,Northern Shoveler,Anas clypeata,"Fivebough Swamp, Leeton",29 Jul 2019,Accepted
730,,Red-backed Buttonquail,Turnix maculosus,west of Somersby,24 Nov 2018,Accepted
731,,Nortthern Royal Albatross,Diomedea (e.) sanfordi,off Kiama,11 Sep 2019,Accepted
732,,Cook's Petrel,Pterodroma cookii,off Sydney,12 Oct 2019,Accepted
733,,Cook's Petrel,Pterodroma cookii,off Sydney,16 Oct 2019,Accepted
734,,Fairy Tern,Sternula nereis,"Boat Harbour, Kurnell",12 Nov 2019,Accepted
735,,Torresian Imperial Pigeon,Ducula spilorrhoa,Coff's Harbour Cemetary,3 Nov 2019,Accepted
736,,Little Curlew,Numenius minutus,Oran Park,9 Nov 2019,Accepted
737,,Soft-plumaged Petrel,Pterodroma mollis,off Sydney,8 Jun 2019,Accepted
738,,Southern Royal Albatross,Diomedia epomophora,off Wollongong,27 May 2006,Accepted
739,,Blue Petrel,Halobaena caerulea,North Wollongong,5 Jul 2019,Accepted
740,,Black-winged Petrel,Pterodroma nigripennis,off Crowdy Head  ,17 Nov 2019,Accepted
741,1050,New Zealand Storm Petrel,Fregetta maoriana,off Crowdy Head  ,13 Jan 2019,Accepted
742,1066,Buff-breasted Sandpiper,Tryngites subruficollis,Jerseyville,24 Nov 2018,Accepted
743,1077,Rosy Starling,Pastor roseus,Gwandalan,12 Aug 2019,Accepted
744,1085,Hudsonian Godwit,Limosa haemastica,Blakehurst,25 Sep 2019,Accepted
745,1085,Semipalmated Plover,Charadrius semipalmatus,Shoalhaven Heads,2 Oct 2019,Accepted
746,1090,South Island Pied Oystercatcher,Haematopus finschi,Loila Lake,14 Oct 2019,Accepted
747,,Bulwer's Petrel,Bulweria bulwerii,off Point Danger,15 Dec 2019,Accepted
748,,Black-naped Tern,Sterna sumatrana,mouth of Sandon River,20 Jan 2020,Accepted
749,,Black-winged Petrel,Pterodroma nigripennis,off Kiama,28 Dec 2019,Accepted
750,,Black-naped Tern,Sterna sumatrana,"Arakoon, South West Rocks",7 Feb 2020,Accepted
751,,Bulwer's Petrel,Bulweria bulwerii,145NM off NSW coast,9 Mar 2020,Accepted
752,,Little Shearwater,Puffinus assimilis,Crowdy Head,28 Feb 2020,under review
753,,Roseate Tern,Sterna dougallii,"Farquhar Inlet, Old Bar",5 Jan 2020,under review
754,,Bulwer's Petrel,Bulweria bulwerii,Camden Head,10 Feb 2020,under review
755,,Bulwer's Petrel,Bulweria bulwerii,"Mistral Point, Maroubra",29 Jan 2020,under review
756,,Mottled Petrel,Pterodroma inexpectata,off Kiama ,26 Jan 2019,under review
757,1099,Kentish Plover,Charadrius alexandrinus,Towra Point,14 Dec 2019,under review
758,1102,Cook's Petrel,Pterodroma cookii,Britannia Seamount,5-6 Oct 2019,under review
759,1104,Magenta Petrel,Pterodroma magentae ,Britannia Seamount,2009-2012,under review
760,1105,Short-eared Owl,Asio flammeus,Port Botany,8 Dec 2019,under review
761,1107,Pycroft's Petrel,Pterodroma pycrofti,Newcastle,12 Oct 2002,under review
762,1108,Pycroft's Petrel,Pterodroma pycrofti,Broughton Island,25 Oct 2019,under review
763,1124,Band-rumped Storm Petrel,Hydrobates castro,Newcastle to Lord Howe Island,27 Feb 2020,under review
764,1132,South Island Pied Oystercatcher,Haematopus finschi,Hastings Point,6 Apr 2020,under review
765,,Swift Parrot,Lathamus discolor,Lord Howe Island,23 May 2020,under review
766,,Cook's Petrel,Pterodroma cookii,Narrabeen Lagoon,24 Dec 2019,under review
767,,Cook's Petrel,Pterodroma cookii,"Cronulla Beach, Boat Harbour",16 Feb 2020,under review
768,,Bulwer's Petrel,Bulweria bulwerii,Cronulla RSL Club,28 Jan 2020,under review
BARC,15,Eastern Yellow Wagtail,Motacilla tschutschensis,"Bakers Lagoon, Richmond",29 Apr 1979,Accepted
BARC,22,Citrine Wagtail,Motacilla citreola,Botany Bay,1 Jul 1962,Accepted
BARC,35,Western Sandpiper,Calidris mauri,Near Ivanhoe,11 May 1974,Not accepted
BARC,36,Western Sandpiper,Calidris mauri,Sydney,22 Nov 1978,Not accepted
BARC,40,Franklin's Gull,Leucophaeus pipixcan,Sydney Harbour,11 May 1981,Accepted
BARC,51,Herald Petrel,Pterodroma heraldica,off Sydney,30 Oct 1982,Accepted
BARC,61,Buff-breasted Sandpiper,Tryngites subruficollis,"Bakers Lagoon, Richmond",19 Dec 1982,Accepted
BARC,64,Herald Petrel,Pterodroma heraldica,off Ballina,19 May 1979,Accepted
BARC,66,Spotted Redshank,Tringa erythropus,Kooragang Island,9 Feb 1982,Not accepted
BARC,73,Cook's Petrel,Pterodroma cookii,off Sydney,25 May 1985,Not accepted
BARC,76,Sabine's Gull,Xema sabini,off Wollongong,23 Mar 1985,Accepted
BARC,78,Black Tern,Chlidonias niger,The Entrance,18 Sep 1958,Accepted
BARC,79,Black Tern,Chlidonias niger,Newcastle,13 Jan 1968,Accepted
BARC,81,Black Tern,Chlidonias niger,Wanaaring,xx May 1971,Not accepted
BARC,85,Asian Dowitcher,Limnodromus semipalmatus,Stockton Sandspit,6 Apr 1985,Accepted
BARC,89,White-rumped Sandpiper,Calidris fuscicollis,Pitt Town Lagoon,29 Oct 1977,Accepted
BARC,93,Red-necked Phalarope,Phalaropus lobatus,Guyra,29 Jan 1979,Accepted
BARC,94,Corncrake,Crex Crex,Randwick,14 Jun 1893,Accepted
BARC,95,White-eyed Buzzard,Butastur teesa,Lithgow,1 Nov 1889,Not accepted
BARC,97,Buff-breasted Sandpiper,Tryngites subruficollis,Kooragang Island,10 Mar 1979,Accepted
BARC,100,Baird's Sandpiper,Calidris bairdii,Botany Bay,23 Nov 1976,Not accepted
BARC,101,White-rumped Sandpiper,Calidris fuscicollis,Windang,31 Oct 1984,Accepted
BARC,107,Pink-footed Shearwater,Ardenna creatopus,off Wollongong,22 Mar 1986,Accepted
BARC,116,Kermadec Petrel,Pterodroma neglecta,off Sydney,22 Apr 1988,Withdrawn
BARC,148,Hudsonian Godwit,Limosa haemastica,Kooragang Island,26 Dec 1982,Accepted
BARC,199,House Swift,Apus nipalensis,Ballina,7 Mar 1995,Not accepted
BARC,206,Westland Petrel,Procellaria westlandica,off Sydney,xx Jun 1996,Withdrawn
BARC,233,American Golden Plover,Pluvialis dominica,Pitt Town Lagoon,xx Nov 1997,Not accepted
BARC,254,Baird's Sandpiper,Calidris bairdii,McGraths Hill ,27 Sep 1998,Not accepted
BARC,306,South Island Pied Oystercatcher,Haematopus finschi,"Patches Beach, Ballina",22 Jan 1999,Accepted
BARC,463,Northern Shoveler,Anas clypeata,Kempsey ,25 May 2004,Accepted
BARC,755,New Caledonian Storm Petrel,Fregetta sp. nov.,Britannia Seamount,15 Apr 2012,Accepted
BARC,837,Collared Petrel,Pterodroma brevipes,Britannia Seamount,13 04 2014,Accepted
BARC,982,Semipalmated Plover,Charadrius semipalmatus,"Airport Pond, Lord Howe Island",29 Mar 2017,Accepted
BARC,1050,New Zealand Storm Petrel,Fregetta maoriana,off Crowdy Head  ,13 Jan 2019,pending
No case,,Asian Dowitcher,Limnodromus semipalmatus,Narooma,10 Jan 2001,Not Confirmed (not assessed)
No case,,Asian Dowitcher,Limnodromus semipalmatus,Narooma,4 Jan 2002,Not Confirmed (not assessed)
No case,,Black Petrel,Procellaria parkinsoni,off Sydney,1 Nov 1997,Not Confirmed (not assessed)
No case,,Black Petrel,Procellaria parkinsoni,off Sydney,2 Nov 1997,Not Confirmed (not assessed)
No case,,Black Petrel,Procellaria parkinsoni,off Sydney,13 Dec 1997,Not Confirmed (not assessed)
No case,,Black Petrel,Procellaria parkinsoni,off Wollongong,24 Feb 1990,Not Confirmed (not assessed)
No case,,Black-bellied Storm Petrel,Fregetta tropica,off Norah Head,25 Oct 2003,Not Confirmed (not assessed)
No case,,Black-bellied Storm Petrel,Fregetta tropica,off Sydney,7 Jan 1997,Not Confirmed (not assessed)
No case,,Black-bellied Storm Petrel,Fregetta tropica,off Sydney,5 Oct 1997,Not Confirmed (not assessed)
No case,,Black-bellied Storm Petrel,Fregetta tropica,off Sydney,2 Nov 1997,Not Confirmed (not assessed)
No case,,Black-bellied Storm Petrel,Fregetta tropica,off Sydney,3 Oct 2001,Not Confirmed (not assessed)
No case,,Black-bellied Storm Petrel,Fregetta tropica,off Wollongong,20 Oct 1999,Not Confirmed (not assessed)
No case,,Black-bellied Storm Petrel,Fregetta tropica,off Wollongong,27 Dec 1999,Not Confirmed (not assessed)
No case,,Black-winged Petrel,Pterodroma nigripennis,off Batemans Bay,10 Jan 2003,Not Confirmed (not assessed)
No case,,Black-winged Petrel,Pterodroma nigripennis,off Batemans Bay,12 Dec 2003,Not Confirmed (not assessed)
No case,,Bulwer's Petrel,Bulweria bulwerii,off Wollongong,21 Sep 1997,Withdrawn
No case,,Bulwer's Petrel,Bulweria bulwerii,off Wollongong,5 Oct 1997,Withdrawn
No case,,Common Diving Petrel,Pelecanoides urinatrix,off Wollongong,28 Nov 1993,Not Confirmed (not assessed)
No case,,Common Redshank,Tringa totanus,"Long Reef, Sydney ",8 Jul 1996,Not Confirmed (not assessed)
No case,,Cook's Petrel,Pterodroma cookii,"Mistral Point, Maroubra",27 Jan 2019,Not Confirmed (not assessed)
No case,,Cory's Shearwater,Calonectris borealis,off Wollongong,11 Aug 2001,Not Confirmed (not assessed)
No case,,Cotton Pygmy Goose,Nettapus coromandelianus,northern Macquarie Marshes,10 Sep 1998,Not Confirmed (not assessed)
No case,,Elegant Parrot,Neophema elegans,Fowler's Gap,14 Apr 2018,Not Confirmed (not assessed)
No case,,Great Bowerbird,Chlamydera nuchalis,Iluka,11 Sep 1991,Not Confirmed (not assessed)
No case,,Great Frigatebird,Fregata minor,Lennox Head ,7 Mar 2004,Not Confirmed (not assessed)
No case,,Great Frigatebird,Fregata minor,Mona Vale Golf Course,20 Jul 2002,Not Confirmed (not assessed)
No case,,Great Shearwater,Ardenna gravis,off Sydney,4 Apr 1997,Withdrawn
No case,,Green Pygmy Goose,Nettapus pulchellus,"Loudens Lagoon, Macquarie Marshes",21 Oct 1998,Not Confirmed (not assessed)
No case,,Grey Ternlet,Procelsterna albivitta,off Sydney,18 Feb 1997,Not Confirmed (not assessed)
No case,,Grey Ternlet,Procelsterna albivitta,off Wollongong,27 Feb 1997,Not Confirmed (not assessed)
No case,,Grey-backed Storm Petrel,Garrodia nereis,off Eden,15 Aug 1999,Not Confirmed (not assessed)
No case,,Grey-backed Storm Petrel,Garrodia nereis,off Eden,26 Oct 2003,Not Confirmed (not assessed)
No case,,Grey-backed Storm Petrel,Garrodia nereis,off Eden,30 May 2004,Not Confirmed (not assessed)
No case,,Grey-backed Storm Petrel,Garrodia nereis,off Wollongong,3 Jul 1999,Not Confirmed (not assessed)
No case,,Grey-backed Storm Petrel,Garrodia nereis,off Wollongong,14 Aug 1999,Not Confirmed (not assessed)
No case,,Grey-backed Storm Petrel,Garrodia nereis,off Wollongong,25 Aug 2001,Not Confirmed (not assessed)
No case,,Grey-headed Albatross,Thalassarche chrysostoma,off Wollongong,11 May 1996,Not Confirmed (not assessed)
No case,,Grey-headed Albatross,Thalassarche chrysostoma,off Wollongong,23 Jul 1996,Not Confirmed (not assessed)
No case,,Grey-headed Albatross,Thalassarche chrysostoma,off Wollongong,4 Jul 1998,Not Confirmed (not assessed)
No case,,Grey-headed Albatross,Thalassarche chrysostoma,off Wollongong,29 Aug 1998,Not Confirmed (not assessed)
No case,,Herald Petrel,Pterodroma heraldica,off South West Rocks,31 Dec 1999,Not Confirmed (not assessed)
No case,,Herald Petrel,Pterodroma heraldica,off South West Rocks,8 Apr 2002,Not Confirmed (not assessed)
No case,,Jouanin's Petrel,Bulweria fallax,off Wollongong,27 Oct 2002,Not Confirmed (not assessed)
No case,,Kermadec Petrel,Pterodroma neglecta,Maroubra ,1 Dec 1998,Not Confirmed (not assessed)
No case,,Kermadec Petrel,Pterodroma neglecta,off Sydney,5 Oct 1997,Not Confirmed (not assessed)
No case,,Kermadec Petrel,Pterodroma neglecta,off Wollongong,1 Jul 1997,Not Confirmed (not assessed)
No case,,Kermadec Petrel,Pterodroma neglecta,off Wollongong,28 Feb 1999,Not Confirmed (not assessed)
No case,,Light-mantled Sooty Albatross,Phoebetria palpebrata,off Sydney,23 Jun 1996,Not Confirmed (not assessed)
No case,,Light-mantled Sooty Albatross,Phoebetria palpebrata,off Sydney,16 May 1997,Not Confirmed (not assessed)
No case,,Light-mantled Sooty Albatross,Phoebetria palpebrata,off Sydney,29 Jun 1999,Not Confirmed (not assessed)
No case,,Light-mantled Sooty Albatross,Phoebetria palpebrata,Broadwater Beach,29 Jun 2019,Not Confirmed (not assessed)
No case,,Little Shearwater,Puffinus assimilis,"Mistral Point, Maroubra",3 Jan 2018,Not Confirmed (not assessed)
No case,,Little Shearwater,Puffinus assimilis,"Mistral Point, Maroubra",23 Feb 2019,Not Confirmed (not assessed)
No case,,Little Shearwater,Puffinus assimilis,Broadwater Beach,29 Jun 2019,Not Confirmed (not assessed)
No case,,Little Shearwater,Puffinus assimilis,Sawtell Beach,1 Jul 2019,Not Confirmed (not assessed)
No case,,Little Shearwater,Puffinus assimilis,Broadwater Beach,1 Jul 2019,Not Confirmed (not assessed)
No case,,Little Stint,Calidris minuta,Kooragang Island,4 Nov 1991,Not Confirmed (not assessed)
No case,,Little Stint,Calidris minuta,Farquhar Inlet ,1 Dec 2018,Not Confirmed (not assessed)
No case,,Long-toed Stint,Calidris subminuta,McGraths Hill ,31 Mar 1997,Not Confirmed (not assessed)
No case,,Long-toed Stint,Calidris subminuta,Tullakool Saltworks,20 Jan 1997,Not Confirmed (not assessed)
No case,,Manx Shearwater,Puffinus puffinus,off Wollongong,27 Oct 1996,Not Confirmed (not assessed)
No case,,Masked Booby,Sula dactylatra,off Ballina,x-Apr-1999,Not Confirmed (not assessed)
No case,,Masked Booby,Sula dactylatra,off South West Rocks,19 Nov 1999,Not Confirmed (not assessed)
No case,,Masked Booby,Sula dactylatra,off South West Rocks,16 Dec 1999,Not Confirmed (not assessed)
No case,,Mottled Petrel,Pterodroma inexpectata,off Batemans Bay,11 Dec 2003,Not Confirmed (not assessed)
No case,,Northern Royal Albatross,Diomedea (e.) sanfordi,off Wollongong,22 Sep 1996,Not Confirmed (not assessed)
No case,,Northern Royal Albatross,Diomedea (e.) sanfordi,off Kiama,22 Sep 2018,Not Confirmed (not assessed)
No case,,Olive-backed Sunbird,Cinnyris jugularis,Coffs Harbour ,30 Sep 1993,Not Confirmed (not assessed)
No case,,Radjah Shelduck,Tadorna radjah,20 km SE of Macksville,2 Dec 2002,Not Confirmed (not assessed)
No case,,Red Goshawk,Erythrotriorchis radiatus,Alstonville District,24 Nov 1991,Not accepted
No case,,Red-backed Buttonquail,Turnix maculosus,Richmond,24 Aug 1997,Not Confirmed (not assessed)
No case,,Red-backed Buttonquail,Turnix maculosus,Kingscliff,1 Oct 2018,Not Confirmed (not assessed)
No case,,Red-footed Booby,Sula sula,Ballina,15 Feb 1995,Not Confirmed (not assessed)
No case,,Red-footed Booby,Sula sula,"Long Reef, Sydney ",5 Jun 1999,Not Confirmed (not assessed)
No case,,Red-footed Booby,Sula sula,"Nobbys Beach, Newcastle",2 Feb 2004,Not Confirmed (not assessed)
No case,,Royal Albatross,Diomedea epomophora (sensu lato),off Wollongong,17 Sep 1998,Not Confirmed (not assessed)
No case,,Soft-plumaged Petrel,Pterodroma mollis,off Wollongong,17 Sep 1998,Not Confirmed (not assessed)
No case,,Soft-plumaged Petrel,Pterodroma mollis,off Wollongong,19 Sep 1998,Not Confirmed (not assessed)
No case,,Soft-plumaged Petrel,Pterodroma mollis,off Wollongong,27 Jun 1999,Not Confirmed (not assessed)
No case,,Soft-plumaged Petrel,Pterodroma mollis,off Wollongong,8 Aug 1999,Not Confirmed (not assessed)
No case,,South Polar Skua,Stercorarius maccormicki,off Wollongong,1 Mar 1997,Not Confirmed (not assessed)
No case,,South Polar Skua,Stercorarius maccormicki,off Wollongong,31 Jul 1999,Not Confirmed (not assessed)
No case,,South Polar Skua,Stercorarius maccormicki,"Mistral Point, Maroubra",6 Oct 2018,Not Confirmed (not assessed)
No case,,Southern Fulmar,Fulmarus glacialoides,"Magic Point, Maroubra",8 Jun 2020,Not Confirmed (not assessed)
No case,,Southern Fulmar,Fulmarus glacialoides,"Magic Point, Maroubra",11 Jun 2020,Not Confirmed (not assessed)
No case,,Streaked Shearwater,Calonectris leucomelas,off Wollongong,28 Feb 1994,Not Confirmed (not assessed)
No case,,Tahiti Petrel,Pseudobulweria rostrata,off Wollongong,27 Jan 1997,Not Confirmed (not assessed)
No case,,Tahiti Petrel,Pseudobulweria rostrata,off Wollongong,23 Feb 1997,Not Confirmed (not assessed)
No case,,Tropical Shearwater,Puffinus bailloni,off Wollongong,27 Oct 1996,Not Confirmed (not assessed)
No case,,White Tern,Gygis alba,off Wollongong,11 May 1996,Not Confirmed (not assessed)
No case,,White Wagtail,Motacilla alba,Narran Lake,1 Dec 1997,Not Confirmed (not assessed)
No case,,White-chinned Petrel,Procellaria aequinoctialis,off Lake Wollumboola,5 Dec 1999,Not Confirmed (not assessed)
No case,,White-chinned Petrel,Procellaria aequinoctialis,off Sydney,7 Sep 1996,Not Confirmed (not assessed)
No case,,White-chinned Petrel,Procellaria aequinoctialis,off Sydney,31 Oct 1996,Not Confirmed (not assessed)
No case,,White-chinned Petrel,Procellaria aequinoctialis,off Sydney,21 Nov 1998,Not Confirmed (not assessed)
No case,,White-chinned Petrel,Procellaria aequinoctialis,off Wollongong,22 Sep 1996,Not Confirmed (not assessed)
No case,,White-chinned Petrel,Procellaria aequinoctialis,off Wollongong,17 Sep 1998,Not Confirmed (not assessed)
No case,,White-chinned Petrel,Procellaria aequinoctialis,off Wollongong,5 Dec 1998,Not Confirmed (not assessed)
No case,,White-chinned Petrel,Procellaria aequinoctialis,off Wollongong,13 Dec 1998,Not Confirmed (not assessed)
No case,,White-chinned Petrel,Procellaria aequinoctialis,off Wollongong,19 Dec 1998,Not Confirmed (not assessed)
No case,,White-chinned Petrel,Procellaria aequinoctialis,off Wollongong,11 Sep 1999,Not Confirmed (not assessed)
No case,,White-chinned Petrel,Procellaria aequinoctialis,off Wollongong,11 Dec 1999,Not Confirmed (not assessed)
No case,,White-necked Petrel,Pterodroma cervicalis,off Ballina,24 Apr 1989,Not Confirmed (not assessed)
No case,,White-necked Petrel,Pterodroma cervicalis,off Wollongong,22 Jan 1989,Not Confirmed (not assessed)